sector,symbol,spot,M_O_M,future_price,basis,rollover,avg_roll,rollover_cost,avg_cost,DIIF,rollover_prev,cost_prev,score
Automobile and Auto Components,BAJAJ-AUTO,11926.98,4.861790047476697,11867.0,-59.98,87.314,90.55352258064516,0.7078,0.2880322580645161,-3.239522580645172,78.8971,0.1359,0.2814056066185519
Automobile and Auto Components,BHARATFORG,2052.42,-5.099181578582316,2040.4,-12.02,92.9022,91.49532903225807,0.7842,0.3905,1.4068709677419236,97.1376,0.5873,0.1942569877362347
Automobile and Auto Components,BOSCHLTD,48680.0,17.84071653352699,48565.0,-115.0,88.5362,92.62569032258065,0.3398,0.2659290322580645,-4.089490322580659,92.2997,-0.2053,-0.1988013362561533
Automobile and Auto Components,EICHERMOT,8055.0,2.7947932618683002,8044.0,-11.0,91.7056,90.66839032258065,0.8018,0.4434903225806452,1.037209677419355,93.0843,-0.6508,0.4846956430744835
Automobile and Auto Components,FORCEMOT,17431.0,1.3548086986858936,17489.0,58.0,91.2007,94.58685,0.2859,0.010099999999999942,-3.3861500000000007,95.3231,0.3489,-0.19552423884368117
Automobile and Auto Components,HEROMOTOCO,5624.48,9.124209382639396,5621.0,-3.48,83.4322,89.84147741935483,0.8628,0.3002870967741935,-6.4092774193548365,92.8748,0.6309,-0.45716862120709717
Automobile and Auto Components,HYUNDAI,2232.46,11.517058794145557,2236.3,3.84,90.4237,87.13375,-0.5187,-0.6562749999999999,3.2899499999999904,85.9907,-0.3288,0.009089377728148345
Automobile and Auto Components,M&M,3442.95,5.250366837857667,3441.4,-1.55,89.5168,93.62922258064516,0.1191,0.5817903225806451,-4.112422580645159,88.6869,0.6769,-0.43058085356154613
Automobile and Auto Components,MARUTI,13677.85,-0.8995073177800292,13649.0,-28.85,88.31,86.37743225806452,0.8719,0.4915225806451613,1.932567741935486,89.949,-0.3705,0.3678583155229804
Automobile and Auto Components,MOTHERSON,166.43,12.559177600432836,165.49,-0.94,91.9589,92.84514838709677,0.852,0.48591290322580644,-0.8862483870967708,91.9751,0.5476,0.23800967481365157
Automobile and Auto Components,SONACOMS,808.8,13.436185133239826,811.3,2.5,72.3573,91.797345,0.4622,0.20093500000000003,-19.440045000000012,72.3939,0.3849,-1.1593593467829526
Automobile and Auto Components,TIINDIA,2887.99,2.2224975222993053,2880.8,-7.19,93.6531,94.422525,0.7186,0.5266149999999999,-0.7694249999999982,97.1475,0.5128,0.11621962622745956
Automobile and Auto Components,TMPV,314.25,-3.1288532675708933,314.95,0.7,90.0354,91.01373,0.6191,0.54792,-0.9783299999999997,88.259,0.4774,0.07679890059821405
Automobile and Auto Components,TVSMOTOR,4419.76,10.6766164170882,4412.9,-6.86,87.8413,92.89104193548387,0.7591,0.5551935483870968,-5.0497419354838655,96.9005,0.4311,-0.3324615008636789
Automobile and Auto Components,UNOMINDA,1253.4,7.689664060486296,1241.7,-11.7,97.2158,94.95095,0.749,0.5405571428571428,2.2648499999999956,95.8712,0.6536,0.4530762013492405
Banks,AUBANK,1128.6,7.721676052305035,1125.1,-3.5,94.6945,92.92525806451613,0.7733,0.021277419354838734,1.7692419354838762,91.4743,0.2479,0.4051834916556614
Banks,AXISBANK,1235.0,0.9399264405394361,1232.8,-2.2,96.1097,93.3418064516129,0.7787,0.6526451612903226,2.767893548387107,94.7466,0.4898,0.25249575333098295
Banks,BANDHANBNK,173.51,2.765932243544176,172.94,-0.57,89.7261,94.43237741935484,0.8384,0.5907225806451613,-4.706277419354834,96.0621,-0.379,-0.17922693392320121
Banks,BANKBARODA,241.04,0.7692307692307707,241.15,0.11,95.6461,93.77341935483871,0.8169,0.6646903225806452,1.8726806451612958,94.2816,0.4812,0.23171402708745026
Banks,BANKINDIA,143.96,5.604460093896725,143.65,-0.31,94.596,90.95288,0.8423,0.65614,3.6431200000000104,97.1189,0.5221,0.15430070360711587
Banks,CANBK,128.8,3.670315518351591,127.73,-1.07,97.1565,94.04715161290322,0.7986,0.6553,3.109348387096773,96.6063,0.6685,0.2496248438851348
Banks,FEDERALBNK,346.95,-2.8831350594821585,345.15,-1.8,91.2469,90.92346129032258,0.8982,0.46018387096774194,0.3234387096774185,97.1865,0.1821,-0.010481792081502553
Banks,HDFCBANK,727.49,-1.0756051128637434,723.6,-3.89,94.8626,95.36239677419354,0.7601,0.5239935483870968,-0.4997967741935412,94.1671,0.4888,0.10313076085021917
Banks,ICICIBANK,1422.7,-0.5661168577019786,1421.2,-1.5,94.8129,93.95259032258065,0.8655,0.5102548387096775,0.8603096774193517,92.0526,-0.1402,0.4050236226863897
Banks,IDFCFIRSTB,85.0,-0.8746355685131195,85.25,0.25,97.0066,95.00996129032258,0.6921,0.5544774193548387,1.996638709677427,96.8265,0.3268,0.22532061304602838
Banks,INDIANB,878.0,5.244231345519928,881.95,3.95,82.1549,90.29409,0.5442,0.247685,-8.13919,83.1433,0.3837,-0.6664469444272356
Banks,INDUSINDBK,1015.0,2.297923805684333,1005.5,-9.5,96.6131,93.63944838709678,0.4177,0.5931290322580645,2.9736516129032253,93.7677,0.3324,0.1363119846753142
Banks,KOTAKBANK,401.6,4.230469763820403,399.85,-1.75,96.8948,93.86858387096774,0.8378,0.6279903225806451,3.026216129032264,94.6885,0.506,0.34919376653825246
Banks,PNB,115.93,3.833407971339007,115.98,0.05,97.3655,92.21628064516129,0.7674,0.6618322580645162,5.149219354838706,96.1269,0.6283,0.328725618566963
Banks,RBLBANK,384.04,5.245272677445888,383.55,-0.49,97.3707,90.82444516129033,0.7431,0.7388225806451613,6.546254838709672,96.829,0.5906,0.3308959954329593
Banks,SBIN,1048.0,3.4346624555862566,1044.0,-4.0,92.1226,90.46801290322581,0.7567,0.5642903225806452,1.6545870967741934,92.2125,0.5831,0.028713154341169538
Banks,UNIONBANK,186.97,11.132905373276266,187.31,0.34,92.9622,91.82335499999999,0.6246,0.495885,1.1388450000000034,88.6765,0.7082,0.06688730221940752
Banks,YESBANK,22.5,-1.3590530469092448,22.48,-0.02,95.0829,94.0962,0.7562,0.671645,0.986699999999999,95.0027,0.5712,0.09015628377995565
CDMO,DIVISLAB,8743.27,17.754478114478122,8739.0,-4.27,93.1314,92.3051064516129,0.4234,0.5715193548387096,0.826293548387099,94.35,0.5394,-0.13894588254380097
CDMO,LAURUSLABS,1866.2,6.10643620650444,1865.3,-0.9,82.2127,92.09162903225807,0.2841,0.5992064516129032,-9.878929032258071,93.6441,0.3127,-1.1053639282770085
Capital Goods,ABB,7628.27,5.311934838130744,7637.5,9.23,87.416,92.40957419354838,0.7005,0.48247741935483873,-4.993574193548383,82.6467,0.3725,-0.019997717028338084
Capital Goods,APLAPOLLO,2139.31,15.845020847999127,2158.5,19.19,96.0462,94.00522,-0.2594,0.59785,2.0409800000000047,88.6019,0.3841,-0.06236779986343571
Capital Goods,ASHOKLEY,174.66,10.895238095238092,175.07,0.41,90.839,91.85371612903226,0.4855,0.16021612903225807,-1.0147161290322657,93.548,0.4117,-0.06299589462690212
Capital Goods,ASTRAL,1539.92,4.656789452222371,1546.2,6.28,91.1351,93.39000322580645,-1.7915,0.1600516129032259,-2.2549032258064585,93.3844,-1.8437,-1.031473254317429
Capital Goods,BHEL,416.98,2.7677141096734488,418.8,1.82,95.6605,92.57094516129033,0.4776,0.6046387096774194,3.089554838709674,91.2209,0.5428,0.3023226947638957
Capital Goods,CGPOWER,878.52,4.077715910437147,878.2,-0.32,95.3334,92.22709,0.7231,0.580325,3.1063099999999935,92.2278,0.4985,0.4234153513600503
Capital Goods,CUMMINSIND,5239.34,-3.9622399413435954,5231.5,-7.84,87.0436,92.96737096774194,0.583,0.39970645161290325,-5.923770967741945,83.4567,0.4665,-0.17153046087888638
Capital Goods,INOXWIND,73.73,-2.9101922570450274,73.3,-0.43,95.9379,92.5950375,0.7094,0.6046,3.3428624999999954,95.2222,0.4475,0.38160781480077605
Capital Goods,KAYNES,3935.7,21.931346427907542,3937.1,1.4,87.8504,90.54147142857143,0.5461,0.31574285714285716,-2.6910714285714334,95.2586,0.5179,-0.3640259488334787
Capital Goods,KEI,5587.75,15.377864959735701,5556.8,-30.95,82.3599,86.41419,0.0684,-0.12758999999999998,-4.054290000000009,93.9955,0.2064,-0.8491228246307769
Capital Goods,POLYCAB,9097.79,-0.2599353176560777,9064.0,-33.79,93.6833,89.96866129032259,0.7171,0.5309709677419355,3.7146387096774163,89.418,0.5103,0.4244687427350004
Capital Goods,POWERINDIA,33301.24,6.974751044008988,33185.0,-116.24,92.3189,91.41035,0.7082,0.48194,0.9085500000000053,94.354,0.5793,0.10360443190716194
Capital Goods,PREMIERENE,1035.95,1.8733405447930052,1032.7,-3.25,91.0469,93.31772857142857,0.6875,-0.005414285714285705,-2.2708285714285807,94.7951,0.6599,-0.01647410363377387
Capital Goods,SIEMENS,4090.5,11.124694376528117,4084.7,-5.8,89.431,91.40375483870967,0.2228,0.4228709677419355,-1.972754838709676,96.3487,-2.4057,0.11959093413277443
Capital Goods,SUPREMEIND,3593.01,5.819932850326917,3560.9,-32.11,94.2621,90.792805,0.7189,0.46486,3.4692950000000025,95.0615,0.5357,0.30424913511561014
Capital Goods,SUZLON,46.75,-2.6447313619325343,46.61,-0.14,94.2779,93.35454166666666,0.7295,0.603475,0.9233583333333399,95.1317,0.6664,0.17158108858938884
Capital Goods,WAAREEENER,2655.08,-1.4556656645510986,2650.2,-4.88,96.3247,93.58727142857143,0.2868,0.38898571428571427,2.7374285714285804,96.4068,0.2113,0.18267825829077852
Chemicals,PIDILITIND,1651.11,1.9455421091627558,1647.3,-3.81,92.5838,94.15822903225806,0.947,0.5610322580645162,-1.5744290322580667,95.6368,0.5487,3.98813882018928e-05
Chemicals,PIIND,2506.36,-7.398211778615229,2490.9,-15.46,91.0387,92.09343548387096,-0.1245,0.3474548387096774,-1.0547354838709566,95.0869,0.0369,-0.4637615487390152
Chemicals,SRF,2574.87,-2.2263147902031557,2567.4,-7.47,92.8632,92.69274516129032,0.7673,0.6143870967741936,0.1704548387096878,93.199,0.5193,0.07663013742511654
Chemicals,UPL,585.0,-2.4430918035520683,581.45,-3.55,89.5178,93.99819677419354,0.8857,0.5888645161290322,-4.480396774193551,95.341,0.6004,-0.3194316150827768
Construction,LT,4118.99,7.489300626304796,4106.3,-12.69,88.5474,90.77079032258065,0.7939,0.6114290322580646,-2.2233903225806557,91.0696,0.685,-0.16486015172579915
Construction,NBCC,89.49,-5.311607237329394,89.11,-0.38,95.7716,93.14664444444445,0.2918,0.6114333333333333,2.624955555555559,93.1162,0.4977,0.027111107400465823
Construction,RVNL,218.4,-1.3238151176975588,218.68,0.28,90.9958,94.14472142857143,0.6814,-2.2077142857142857,-3.148921428571427,91.56,0.4786,0.7516746812372501
Construction Materials,AMBUJACEM,413.04,-3.0422535211267556,411.25,-1.79,96.051,95.43275161290323,0.8754,0.6688322580645162,0.6182483870967701,96.2374,0.5513,0.14544695608670155
Construction Materials,GRASIM,3289.58,5.563827738912782,3274.8,-14.78,87.7994,93.59771612903226,0.1741,0.552316129032258,-5.7983161290322585,96.5187,0.2539,-0.8318159946454764
Construction Materials,SHREECEM,24440.0,-9.06046511627907,24550.0,110.0,94.0778,90.88178387096774,0.5092,0.04429677419354838,3.196016129032259,93.6931,-0.7047,0.6573027198932887
Construction Materials,ULTRACEMCO,11539.97,-3.4796754767480818,11585.0,45.03,95.8008,93.43125806451613,0.8287,0.5171354838709677,2.3695419354838663,94.1673,0.6793,0.2831512399038353
Consumer Durables,AMBER,7431.23,3.0826744347343538,7452.0,20.77,91.219,89.33729230769231,0.6777,-0.48830769230769233,1.8817076923076854,88.7609,0.4857,0.5975065695062521
Consumer Durables,ASIANPAINT,2639.8,-3.523134273810381,2636.5,-3.3,82.7502,92.14398387096774,0.8079,0.4799290322580645,-9.393783870967738,90.7331,0.4815,-0.4563327199232004
Consumer Durables,BLUESTARCO,1514.99,-7.914539265742769,1509.9,-5.09,93.6396,88.27590000000001,-0.2252,0.1701214285714286,5.363699999999994,93.0358,0.4328,0.04451726584696703
Consumer Durables,CROMPTON,243.02,-1.7704122877930457,243.05,0.03,95.8702,96.40356774193549,0.72,0.5567645161290322,-0.5333677419354927,98.1063,0.6265,0.3218740388790002
Consumer Durables,DIXON,14990.0,7.81845644824858,15115.0,125.0,93.8934,90.43533225806452,-5.5905,0.4422870967741934,3.45806774193548,93.6092,-1.3653,-3.0612038449823245
Consumer Durables,HAVELLS,1269.1,3.4227039361095266,1262.5,-6.6,91.8214,92.70816129032258,0.6495,0.5852709677419355,-0.8867612903225819,94.6037,0.5949,0.11726123452353888
Consumer Durables,KALYANKJIL,612.28,0.6377383300460217,615.15,2.87,91.2161,89.38384,0.252,0.47114,1.832259999999991,83.0316,-0.1394,0.41997307613086426
Consumer Durables,PGEL,592.84,1.2622768810316827,595.85,3.01,92.6392,92.29243076923078,0.73,0.5144230769230769,0.34676923076922606,93.0687,0.5739,0.31937215397514934
Consumer Durables,TITAN,5124.7,5.6769909679548025,5123.7,-1.0,82.2244,93.4434129032258,0.5953,0.5950774193548387,-11.219012903225803,87.2293,0.4666,-0.6037244788618475
Consumer Durables,VOLTAS,1243.0,-5.194111814506896,1241.3,-1.7,78.5121,89.88879032258065,0.7814,-0.0894967741935484,-11.376690322580643,87.1253,0.5185,-0.5836582923889447
Consumer Services,DMART,3909.61,1.6380699838818755,3917.2,7.59,92.7467,89.20439,0.1072,0.11368,3.5423100000000005,91.3768,-0.0521,0.2444703356279266
Consumer Services,INDHOTEL,730.0,-0.6397168912481347,730.5,0.5,97.7873,94.78752580645161,0.6366,0.6431096774193549,2.99977419354839,96.5436,0.7031,0.4525607085525447
Consumer Services,JUBLFOOD,514.84,19.12077741786211,517.6,2.76,78.2968,90.98992903225806,-2.2798,0.26987419354838726,-12.693129032258057,88.6532,0.4736,-2.725740440672071
Consumer Services,NAUKRI,1350.01,9.210856287667346,1343.2,-6.81,84.6897,92.64551290322581,0.8934,0.47574193548387095,-7.955812903225805,93.1166,0.5797,-0.38104172175311507
Consumer Services,TRENT,2930.0,-0.023885078650145636,2937.3,7.3,95.6697,91.76246451612903,0.6196,0.5859483870967742,3.907235483870977,93.9666,0.3209,0.5064039547747478
Consumer Services,VMM,112.46,2.6375832800949173,111.89,-0.57,95.091,94.593825,0.0179,0.5836250000000001,0.4971749999999986,88.8541,0.4937,0.09030757827458523
Defence,BDL,1359.74,6.981904012588513,1358.8,-0.94,75.7219,90.88888571428572,0.0368,-0.003271428571428585,-15.166985714285715,92.216,-3.7665,-0.6568146080084062
Defence,BEL,413.24,6.231362467866326,412.85,-0.39,92.3496,94.13182903225807,0.545,0.6086612903225807,-1.7822290322580727,92.5793,0.3991,0.08611296483336883
Defence,COCHINSHIP,1518.28,9.821338155515368,1519.8,1.52,88.73,92.421075,0.8883,-0.391725,-3.691074999999998,87.1089,0.6085,0.3366381698131784
Defence,HAL,4899.91,6.517467011586693,4887.6,-12.31,88.8911,93.48718387096774,0.8614,0.6018709677419355,-4.596083870967746,94.1726,0.34,-0.04723626771366456
Defence,MAZDOCK,2609.91,13.681940935621554,2604.7,-5.21,86.0937,92.74958571428571,0.3839,0.5889928571428571,-6.655885714285716,94.1717,0.3495,-0.5832715956751432
Defence,SOLARINDS,19805.37,8.558265731199292,19787.0,-18.37,92.3952,93.46282777777778,0.6722,0.5614277777777777,-1.0676277777777727,96.3335,0.4822,0.07929675740012783
Fast Moving Consumer Goods,BRITANNIA,5382.02,-1.761065985214923,5347.0,-35.02,83.2926,91.30966129032258,0.6733,0.3719,-8.017061290322587,86.4872,-1.0759,-0.22958050392959226
Fast Moving Consumer Goods,COLPAL,1876.8,-12.217025257249768,1867.6,-9.2,89.7756,92.5554806451613,0.8674,0.3480000000000001,-2.779880645161299,91.9281,0.5798,-0.04134156644572484
Fast Moving Consumer Goods,DABUR,395.04,-6.961846443711728,395.0,-0.04,94.9522,93.51214193548387,0.6835,0.5218483870967742,1.440058064516137,96.3926,0.6002,0.1296646170019868
Fast Moving Consumer Goods,GODFRYPHLP,2107.28,3.7557853274249235,2085.9,-21.38,81.5653,96.617525,1.1026,-0.42842500000000006,-15.052225000000007,98.384,-3.1693,-0.01153361571912545
Fast Moving Consumer Goods,GODREJCP,929.0,-12.925297591151942,928.9,-0.1,87.5571,93.04002903225806,0.6136,0.41542903225806455,-5.482929032258056,97.6219,-0.0374,-0.4648541889640974
Fast Moving Consumer Goods,HINDUNILVR,2024.2,0.07415830325802146,2027.2,3.0,92.4655,90.52236129032258,0.6709,0.4326516129032258,1.9431387096774273,82.4037,0.4845,0.41902775959242566
Fast Moving Consumer Goods,ITC,271.4,-4.654839276304234,270.3,-1.1,91.1183,90.65423870967741,0.8324,0.46479677419354837,0.46406129032259,94.5181,0.5277,0.03715324306852676
Fast Moving Consumer Goods,MARICO,847.48,-4.049816020379279,843.5,-3.98,95.858,93.19655806451613,0.6876,0.3422903225806452,2.6614419354838788,95.5163,0.2209,0.3691371942221276
Fast Moving Consumer Goods,NESTLEIND,1479.0,-0.8580238637887087,1479.2,0.2,92.8317,94.19563548387097,0.5003,0.506858064516129,-1.363935483870975,91.5771,0.5044,-0.047152122601033186
Fast Moving Consumer Goods,PATANJALI,350.9,2.3181221752442016,349.35,-1.55,95.3375,95.81974117647059,0.8301,0.6102647058823529,-0.4822411764705805,94.4195,0.4521,0.25150461914312533
Fast Moving Consumer Goods,TATACONSUM,1060.49,-1.9970427871730803,1060.8,0.31,95.6413,93.33359032258065,0.6599,0.5993258064516129,2.3077096774193535,96.5301,0.554,0.1745240364898402
Fast Moving Consumer Goods,UNITDSPR,1549.95,2.7273329798515435,1548.6,-1.35,94.5025,93.87753461538462,0.5747,0.5579384615384615,0.6249653846153791,87.7706,0.603,0.2399149701648645
Fast Moving Consumer Goods,VBL,438.0,1.8604651162790697,436.35,-1.65,95.6491,92.49773,0.8365,0.597955,3.15137,92.0803,0.3948,0.47098011649960664
Financial Services,360ONE,1209.95,7.2365505627935915,1204.9,-5.05,87.1326,83.605,0.6059,0.24827692307692306,3.5275999999999925,93.3312,0.4789,-0.08558567494558944
Financial Services,ANGELONE,300.85,-0.5783212161269001,301.6,0.75,85.9357,85.52803,0.4145,-0.739335,0.407669999999996,89.2916,0.5789,-0.08091326481100339
Financial Services,BAJAJFINSV,2003.97,3.9457440738627487,2006.1,2.13,94.3537,91.05539677419355,0.6181,0.6671838709677419,3.2983032258064497,87.8849,0.588,0.39696463738229165
Financial Services,BSE,3303.0,-4.4768349817803275,3311.2,8.2,89.8808,86.38816,0.607,0.28808,3.4926399999999944,92.9583,0.5144,0.07643927737585139
Financial Services,CAMS,749.82,-6.30763463701111,745.9,-3.92,91.5356,89.665465,0.972,0.02662500000000001,1.8701350000000048,83.5468,0.2247,0.7331011867959454
Financial Services,CDSL,1394.8,3.6948925730429,1392.7,-2.1,95.0135,92.4028,0.7898,0.041505000000000014,2.6106999999999942,92.4731,0.4378,0.5578775387982118
Financial Services,HDFCAMC,2697.92,6.586599241466509,2673.5,-24.42,95.2553,91.7430129032258,0.6995,0.5305387096774193,3.5122870967742017,93.2842,0.5929,0.38707606618168516
Financial Services,HDFCLIFE,546.7,-2.1741075422743092,547.4,0.7,96.4135,90.96152258064517,0.7125,0.5885516129032258,5.451977419354833,95.6808,0.5743,0.45320257948511905
Financial Services,ICICIGI,1616.0,-4.026606485330797,1611.6,-4.4,91.3378,94.3349,0.5647,0.45465483870967743,-2.997100000000003,86.4508,0.1126,0.16253996305977358
Financial Services,ICICIPRULI,509.94,-0.03136639874534895,509.95,0.01,96.3027,92.78804838709678,0.8628,0.5671677419354839,3.514651612903222,95.5395,0.4211,0.5195677568756736
Financial Services,IEX,124.21,-5.979865263795337,124.39,0.18,96.0105,89.95707096774194,0.7718,0.5517774193548387,6.053429032258052,91.8269,0.7736,0.5579497854131953
Financial Services,KFINTECH,966.0,-0.790797987059674,961.2,-4.8,83.0674,90.84679230769231,0.567,-0.6524307692307694,-7.779392307692305,74.0725,-1.4783,0.4191951519623358
Financial Services,LICI,423.97,-0.7444691560341684,424.8,0.83,80.9427,87.79391,0.8475,0.237865,-6.851209999999995,80.25,-1.2607,0.09068401440652664
Financial Services,MCX,3279.9,20.882320421626797,3278.0,-1.9,64.3864,90.1232935483871,0.5979,0.5848741935483871,-25.7368935483871,89.5751,0.406,-2.3689316231670765
Financial Services,MFSL,1592.5,5.680536200145989,1589.0,-3.5,92.3395,91.06881935483871,0.6797,0.5790225806451613,1.270680645161292,93.5279,0.699,0.08519427077526703
Financial Services,MOTILALOFS,1011.37,18.130000584009817,1012.4,1.03,89.4105,94.134425,0.5976,0.6605,-4.723924999999994,95.856,0.6482,-0.40867004862886164
Financial Services,NAM-INDIA,1224.4,6.441797791880391,1236.7,12.3,97.1358,94.20564999999999,-0.0889,-0.1383,2.930150000000012,96.8574,-0.4101,0.24129806041226776
Financial Services,SBILIFE,1755.0,-7.098618389709381,1763.1,8.1,91.122,90.64824838709677,0.7203,0.6283064516129032,0.47375161290322865,92.5337,0.3711,0.0976556154334437
Healthcare,ALKEM,5367.26,-5.029461204989822,5337.5,-29.76,93.225,91.41445161290322,0.5902,0.3484322580645161,1.8105483870967731,88.8337,0.2651,0.3615388390973237
Healthcare,APOLLOHOSP,8888.94,-0.1579242951813938,8829.0,-59.94,93.9044,91.41609032258064,0.7192,0.5879870967741936,2.488309677419352,96.8524,0.371,0.20970957020432865
Healthcare,AUROPHARMA,1617.68,4.42034598502453,1617.5,-0.18,97.1116,93.7348193548387,0.643,0.6133645161290323,3.37678064516129,88.3765,0.3418,0.6234337085638825
Healthcare,BIOCON,417.16,-3.535668863452414,415.55,-1.61,87.2843,92.5937870967742,0.8182,0.6593677419354839,-5.309487096774191,91.9262,0.5557,-0.29941885079249436
Healthcare,CIPLA,1421.99,-1.565139138861962,1418.9,-3.09,94.4231,92.6102064516129,0.733,0.5239806451612903,1.812893548387109,94.1575,0.4646,0.29706970116207204
Healthcare,DRREDDY,1193.47,5.095984501585076,1184.8,-8.67,90.3809,88.57974838709677,0.1097,0.2704967741935484,1.801151612903226,81.931,0.4492,0.05546652666583876
Healthcare,FORTIS,923.95,-2.2740493944682427,923.45,-0.5,88.38,95.07496428571429,0.5035,0.5405928571428571,-6.694964285714292,98.0077,0.64,-0.63698964897553
Healthcare,GLENMARK,2399.99,9.859470841343947,2398.0,-1.99,91.8922,94.93801612903226,0.367,0.6191193548387097,-3.0458161290322607,95.905,0.692,-0.3599393094996736
Healthcare,LUPIN,2175.5,-9.195258368812095,2179.4,3.9,89.941,91.32897741935484,0.6883,0.5593064516129033,-1.38797741935484,91.5325,0.6808,-0.08753279667716977
Healthcare,MANKIND,2365.01,-9.660032850758235,2367.9,2.89,93.4382,93.1999,0.8108,0.5150785714285714,0.2382999999999953,89.9579,0.7042,0.30337133809910144
Healthcare,MAXHEALTH,1016.0,-8.037653874004342,1012.8,-3.2,89.8616,92.72079,0.4344,0.585325,-2.859189999999998,95.3911,0.6255,-0.400220102024915
Healthcare,SUNPHARMA,1921.98,-2.768250113826075,1914.5,-7.48,93.2413,87.28029677419354,0.6163,0.5055483870967742,5.961003225806451,81.7059,0.6593,0.5942192780245361
Healthcare,TORNTPHARM,4931.99,0.6877896413041177,4914.5,-17.49,92.7232,94.79076774193548,0.6613,0.42243548387096774,-2.067567741935477,92.087,0.5249,0.08994661467850418
Healthcare,ZYDUSLIFE,1124.82,2.3307860262008635,1123.4,-1.42,72.2972,94.40093548387097,0.3472,0.5945548387096774,-22.103735483870963,96.8722,0.5366,-2.1695206542668912
Information Technology,COFORGE,1892.79,12.26512455516014,1904.7,11.91,90.1033,89.3057,0.4148,0.39483548387096773,0.7976000000000028,80.5519,0.3445,0.2435374040666318
Information Technology,HCLTECH,1315.79,-0.21310480812983054,1312.6,-3.19,97.0105,89.76836451612903,0.6552,0.21738387096774192,7.2421354838709675,87.9236,0.5839,0.8040229905208327
Information Technology,INFY,1143.97,3.4611558288866764,1135.2,-8.77,89.4946,91.38687741935483,0.555,0.34153870967741934,-1.8922774193548264,83.3195,0.6165,0.08447374884395027
Information Technology,KPITTECH,591.65,-1.7926798904473513,592.9,1.25,86.4786,86.092165,0.312,0.200355,0.38643500000000586,88.9117,0.2578,-0.22958952876035002
Information Technology,LTM,4527.85,5.071589353259234,4508.7,-19.15,94.5631,91.46626,0.4769,-0.14429999999999998,3.0968400000000003,90.6735,0.5192,0.422378561464369
Information Technology,MPHASIS,2431.9,0.7623782887922143,2407.7,-24.2,93.3411,89.82611935483871,0.7767,0.5971741935483871,3.5149806451612875,85.8453,0.3272,0.5694975618021626
Information Technology,OFSS,11728.84,3.4836774307393696,11645.0,-83.84,89.5901,89.28028064516128,0.2748,0.38765483870967743,0.3098193548387229,94.3113,0.4759,-0.30120213327417716
Information Technology,PERSISTENT,5654.65,4.167894775624494,5640.0,-14.65,90.4505,88.08297096774193,0.5851,0.38441290322580646,2.3675290322580764,78.8112,-0.0404,0.5542937370100901
Information Technology,TATAELXSI,3663.64,2.284884694846158,3654.1,-9.54,86.2352,89.746235,0.5993,-0.40995499999999996,-3.5110349999999926,89.0757,0.5159,-0.12066161438326274
Information Technology,TCS,2296.18,-4.246038365304427,2286.7,-9.48,92.9536,92.57056129032259,0.6472,0.3906903225806452,0.3830387096774075,84.7437,0.5854,0.3832678145903535
Information Technology,TECHM,1599.89,-2.159368884540114,1596.9,-2.99,91.1249,89.99075161290322,0.4822,0.4536258064516129,1.1341483870967721,87.4111,0.0736,0.21301409788961645
Information Technology,WIPRO,180.09,-0.5686837455830395,179.82,-0.27,91.4457,90.4268935483871,-0.4671,-0.34674516129032257,1.0188064516129032,85.5814,-1.2275,0.12718854908362223
Metals & Mining,ADANIENT,3109.92,3.5845851513839353,3101.8,-8.12,95.9635,93.21386129032258,0.5739,0.6871193548387097,2.749638709677413,94.192,0.5435,0.13750329460715818
Metals & Mining,HINDALCO,1051.05,12.243699273814608,1045.55,-5.5,94.1702,92.26936774193548,0.7125,0.5910967741935483,1.9008322580645114,89.5068,0.4638,0.25530119243209
Metals & Mining,HINDZINC,592.48,12.446384513190367,592.15,-0.33,91.2451,92.456375,0.7008,0.46023125,-1.2112750000000005,93.3252,0.59,-0.13634782705344325
Metals & Mining,JINDALSTEL,1154.09,9.454666160849754,1152.6,-1.49,90.0052,91.44883225806451,0.4512,0.5818645161290322,-1.4436322580645111,94.0078,0.5881,-0.4203242967267442
Metals & Mining,JSWSTEEL,1320.31,5.887400753869584,1319.6,-0.71,96.4216,93.7898064516129,0.3334,0.5860774193548387,2.631793548387094,96.639,0.5944,-0.04712849199050187
Metals & Mining,NATIONALUM,397.78,18.9000149454491,396.05,-1.73,92.7941,91.70654838709677,0.505,0.4089516129032258,1.0875516129032263,88.2186,0.5081,0.07949311247123515
Metals & Mining,NMDC,85.93,2.3951382268827515,85.57,-0.36,97.7114,92.73817419354839,0.783,0.5897129032258065,4.973225806451609,89.1481,0.3934,0.6396451270351128
Metals & Mining,SAIL,184.58,11.293337353029857,185.35,0.77,95.2749,92.05301935483871,0.7284,0.6871967741935484,3.221880645161292,96.3572,0.5428,0.14735215718636602
Metals & Mining,TATASTEEL,186.93,2.354487214586876,185.09,-1.84,93.8688,91.03522903225806,0.5943,0.5988806451612904,2.8335709677419345,90.7186,0.487,0.15226212930786562
Metals & Mining,VEDL,274.99,6.030460767302867,274.6,-0.39,95.4457,91.66541290322581,0.783,0.5709354838709677,3.780287096774188,84.6933,0.4437,0.5803916580136933
NBFCs,ABCAPITAL,410.83,4.977641497380851,407.55,-3.28,96.7312,95.21165806451613,0.7974,0.6799032258064516,1.519541935483872,96.0589,0.6667,0.3920990929279676
NBFCs,BAJAJHLDNG,11290.0,4.237835841565876,11222.0,-68.0,69.3575,92.75292857142857,0.4188,0.3697714285714286,-23.395428571428567,95.3657,0.4257,-2.1816393371501177
NBFCs,BAJFINANCE,1087.35,3.715185043876365,1083.2,-4.15,90.8316,94.50227096774194,0.8309,0.5861225806451613,-3.670670967741941,94.15,0.3325,0.029930734774161763
NBFCs,CHOLAFIN,1872.93,6.847509840835185,1866.4,-6.53,94.411,92.33695483870967,0.659,0.3277032258064516,2.0740451612903286,94.675,0.3587,0.35876836388360966
NBFCs,IREDA,120.56,0.06640106241699725,121.66,1.1,94.8534,90.53731176470588,-6.8305,-0.9253647058823526,4.316088235294117,94.1073,-2.8789,-3.2800064281536496
NBFCs,IRFC,85.44,-1.9621342512908868,85.36,-0.08,93.6549,89.480245,0.6443,-0.8337899999999999,4.174655000000001,92.2455,0.3788,0.6771235895761785
NBFCs,JIOFIN,243.13,2.5518812215285904,243.3,0.17,95.6917,93.555555,0.7193,0.639405,2.136144999999999,97.4379,0.35,0.3364978137977062
NBFCs,LICHSGFIN,506.0,-7.275059556532901,506.5,0.5,94.3343,94.50462903225807,0.7601,0.519258064516129,-0.17032903225806706,94.8463,-1.436,0.6812091588706589
NBFCs,LTF,319.5,2.733118971061093,318.5,-1.0,93.7085,91.96885357142857,0.7692,0.08107857142857144,1.739646428571433,95.2064,-0.3543,0.5622407821536096
NBFCs,MANAPPURAM,367.03,1.5999999999999925,365.55,-1.48,96.6094,90.79116774193548,0.9027,0.5788096774193549,5.818232258064512,86.2915,0.2072,0.9793801753820195
NBFCs,MUTHOOTFIN,3201.18,6.199781043691724,3218.6,17.42,86.8093,87.12634838709677,0.379,0.19145161290322582,-0.31704838709677574,93.0971,0.7573,-0.37016028575637305
NBFCs,PFC,366.97,-12.605382233865194,365.3,-1.67,92.6165,92.27529032258064,-0.2053,0.3489032258064516,0.34120967741935715,84.732,-0.6899,0.14593720861047796
NBFCs,PNBHOUSING,1181.48,10.480643351411999,1180.7,-0.78,92.6457,92.59785624999999,0.5929,0.50881875,0.04784375000001262,88.7996,-0.0375,0.35430690597733755
NBFCs,RECLTD,326.0,-11.521237617044372,326.55,0.55,94.453,92.93837096774193,0.5359,0.34927419354838707,1.514629032258071,94.6939,-0.9093,0.5298806843567961
NBFCs,SBICARD,651.0,-0.595510765002287,651.35,0.35,88.3837,92.8615129032258,0.3224,-0.4756096774193548,-4.4778129032257965,96.3853,0.5735,-0.3560367454552527
NBFCs,SHRIRAMFIN,1138.48,9.374579690652313,1145.2,6.72,96.1605,95.20878064516128,0.3755,0.48000645161290323,0.9517193548387155,97.5313,0.539,0.10200137598930936
New Age Stocks,ETERNAL,330.82,7.304573467401875,329.3,-1.52,85.49,94.21238125,0.1974,0.56801875,-8.722381250000012,87.4955,0.5528,-0.5699430044821919
New Age Stocks,NYKAA,333.99,1.3319174757281511,334.0,0.01,83.9663,86.90211,0.8832,-0.37610999999999994,-2.9358099999999894,89.5487,0.3184,0.14301113837094545
New Age Stocks,PAYTM,1717.7,31.332670693478086,1710.7,-7.0,78.6087,92.805065,0.3332,0.62318,-14.196365,89.2508,0.5125,-1.1325555261070248
New Age Stocks,POLICYBZR,1798.3,13.579233247015727,1796.4,-1.9,90.6513,92.51828,0.6958,0.499395,-1.866979999999998,90.1564,0.5685,0.2149706736501988
New Age Stocks,SWIGGY,287.39,7.047342347375855,287.8,0.41,89.2444,91.08279999999999,0.0521,0.2108,-1.838399999999993,91.0662,0.0929,-0.1383578989167665
Oil Gas & Consumable Fuels,BPCL,318.1,-0.6092798000312415,318.3,0.2,86.2075,86.16843548387097,0.8011,0.5525129032258065,0.039064516129030835,84.4654,0.3275,0.13322743073909246
Oil Gas & Consumable Fuels,COALINDIA,404.0,-1.499451420212112,402.25,-1.75,94.9267,90.2062935483871,-0.4723,0.28951290322580653,4.720406451612902,94.5286,-0.8399,0.038623599628949075
Oil Gas & Consumable Fuels,GAIL,175.49,0.19411932629175188,174.11,-1.38,91.5238,93.10660967741936,0.3733,0.6489290322580645,-1.5828096774193625,94.6837,0.4731,-0.1983621732455947
Oil Gas & Consumable Fuels,HINDPETRO,373.2,-6.711661042369709,374.2,1.0,85.2915,90.18824193548387,0.8418,0.5295322580645161,-4.896741935483874,81.9941,0.2368,0.037476595064217265
Oil Gas & Consumable Fuels,IOC,139.0,-1.613816534541337,138.64,-0.36,86.6416,88.97013870967741,0.88,0.6112709677419355,-2.3285387096774173,90.9705,-0.3539,0.08422700592951023
Oil Gas & Consumable Fuels,OIL,467.51,5.152946468735935,465.25,-2.26,81.8231,87.225115,0.3654,0.29742,-5.402015000000006,89.5209,0.2142,-0.6461670352061075
Oil Gas & Consumable Fuels,ONGC,234.0,-2.055167217780753,234.16,0.16,89.2355,85.5302193548387,0.3801,0.4823,3.705280645161295,81.455,0.3808,0.2587674567227523
Oil Gas & Consumable Fuels,PETRONET,292.5,5.2915766738660865,292.75,0.25,94.9098,94.09379677419355,0.222,0.5128387096774194,0.8160032258064547,94.9031,0.522,0.002431447061396907
Oil Gas & Consumable Fuels,RELIANCE,1316.95,3.884988561962609,1311.1,-5.85,94.65,92.75963870967742,0.8161,0.6479516129032258,1.8903612903225877,93.8913,0.5438,0.38929992692638576
Power,ADANIENSOL,1594.36,-3.3428311609578722,1585.6,-8.76,92.9447,94.40703,0.4856,0.615225,-1.4623300000000086,95.3502,0.5464,-0.2253010392800826
Power,ADANIGREEN,1329.86,-3.479460008709541,1330.5,0.64,95.3944,93.38017,0.8117,0.5657800000000001,2.0142299999999977,94.8562,0.5962,0.25412315306261324
Power,ADANIPOWER,206.33,-0.921968787515,207.12,0.79,95.3807,90.55352500000001,0.6566,0.683725,4.827174999999997,94.1112,0.5958,0.24227557945128878
Power,JSWENERGY,548.12,0.7110702802021138,545.3,-2.82,96.555,95.03054,0.761,0.567625,1.5244600000000048,95.9024,0.6984,0.22629188826652155
Power,NHPC,76.62,-2.120592743995908,76.71,0.09,94.8105,87.65092,-0.7039,0.22036,7.159580000000005,90.557,0.1409,-0.2794895934830461
Power,NTPC,339.85,-1.1345454545454479,337.7,-2.15,95.2256,89.1649935483871,-0.2221,0.48166129032258065,6.060606451612898,96.8946,0.6706,-0.330476768400311
Power,POWERGRID,270.99,-5.015772870662461,269.7,-1.29,93.2354,91.26708709677419,0.8528,0.38203548387096775,1.968312903225808,89.972,0.3683,0.36942180904898164
Power,TATAPOWER,370.6,-0.20196580045778914,371.8,1.2,94.2051,93.08688709677419,0.5783,0.636816129032258,1.1182129032258104,93.4025,0.5665,0.03815116043974601
Realty,DLF,682.95,3.0012819546037393,684.4,1.45,86.9946,94.3536935483871,0.5698,0.6313387096774193,-7.359093548387094,92.9841,0.8548,-0.48641259294652445
Realty,GODREJPROP,2048.59,-4.11916128428343,2055.6,7.01,94.0728,94.45526129032258,0.4573,0.6614548387096774,-0.38246129032258125,95.6525,0.7072,0.04973336957965868
Realty,LODHA,1281.1,-1.5598586138005364,1289.2,8.1,93.219,93.960105,-3.2268,-0.08110499999999998,-0.7411050000000046,92.3242,-6.4039,-0.5712550012037418
Realty,OBEROIRLTY,1879.9,2.7548510522000598,1878.9,-1.0,87.8418,90.7244806451613,0.6546,0.16450967741935485,-2.8826806451612867,77.3593,0.7063,0.3267385344142466
Realty,PHOENIXLTD,1930.0,-4.6065638592329,1933.1,3.1,84.7747,89.07388333333333,0.5742,0.48977777777777776,-4.299183333333332,96.3048,0.5678,-0.5232779322710636
Realty,PRESTIGE,1623.0,-3.5249360993877406,1613.9,-9.1,95.3245,91.550025,0.57,0.566475,3.7744749999999954,95.6149,0.2489,0.44831694171992026
Services,ADANIPORTS,1702.65,-4.059841099904206,1697.3,-5.35,93.5147,94.26560322580644,0.6245,0.5802032258064517,-0.7509032258064394,96.4561,0.6653,-0.12080672076921113
Services,CONCOR,515.93,-1.2385145482389026,516.85,0.92,89.6302,91.9131064516129,0.5417,0.561258064516129,-2.2829064516129023,90.8285,0.3924,-0.24058359485613465
Services,DELHIVERY,447.95,-5.135535789919525,446.6,-1.35,93.1627,92.4581,0.6382,0.426725,0.7045999999999992,94.1638,0.6573,0.010646012867005963
Services,GMRAIRPORT,99.84,-7.52130418673582,99.25,-0.59,93.6088,92.43358,0.7657,0.629385,1.175219999999996,94.7762,0.5649,0.09316106156824393
Services,INDIGO,5218.02,-0.995730955317324,5208.5,-9.52,94.8939,91.5031,0.6528,0.5426709677419355,3.3907999999999987,93.0006,0.5607,0.24035486447289375
Telecommunication,BHARTIARTL,1947.0,2.376695761909772,1942.9,-4.1,96.987,90.13270967741936,0.7463,0.6160225806451612,6.854290322580638,94.4172,0.5357,0.5005516554416976
Telecommunication,IDEA,15.19,17.297297297297302,15.2,0.01,98.0326,93.53744516129032,0.9211,0.8566290322580645,4.495154838709681,96.9409,0.5401,0.35883495880852095
Telecommunication,INDUSTOWER,387.24,1.4779874213836441,384.85,-2.39,98.136,92.69226451612903,0.6236,0.6885322580645161,5.443735483870967,87.307,0.4576,0.7025732449288052
Textiles,PAGEIND,35500.0,-12.063413425811246,35560.0,60.0,88.6781,91.90969677419355,0.5624,-0.4189806451612903,-3.231596774193548,78.139,0.2723,0.641024827312521
