asof,symbol,spot,near_expiry,near_px,next_px,basis,cost_pct,rollover_so_far_pct,oi_near,oi_next,oi_far,oi_total
2026-09-25,ABCAPITAL,390.0,2026-09-29,388.65,390.55,-1.35,0.4889,61.0446,16532300.0,25668000.0,238700.0,42439000.0
2026-09-25,ADANIENSOL,1338.51,2026-09-29,1339.1,1346.1,0.59,0.5227,67.0568,7960950.0,15990750.0,213975.0,24165675.0
2026-09-25,GODFRYPHLP,1970.28,2026-09-29,1977.7,1966.4,7.42,-0.5714,49.4025,780175.0,728200.0,33550.0,1541925.0
2026-09-25,INDHOTEL,726.79,2026-09-29,727.9,731.4,1.11,0.4808,60.8349,12272000.0,16755000.0,2307000.0,31334000.0
2026-09-25,INDIANB,832.0,2026-09-29,834.5,836.5,2.5,0.2397,58.8328,4423000.0,6253000.0,68000.0,10744000.0
2026-09-25,INOXWIND,74.78,2026-09-29,75.06,75.34,0.28,0.373,70.0851,35097600.0,80697600.0,1529600.0,117324800.0
2026-09-25,JINDALSTEL,1164.8,2026-09-29,1161.8,1167.7,-3.0,0.5078,63.894,5797500.0,10056250.0,203125.0,16056875.0
2026-09-25,MPHASIS,2240.74,2026-09-29,2232.4,2243.6,-8.34,0.5017,58.4078,2611950.0,3648150.0,19800.0,6279900.0
2026-09-25,NESTLEIND,1362.61,2026-09-29,1360.4,1366.8,-2.21,0.4704,67.4242,3275500.0,6356500.0,423000.0,10055000.0
2026-09-25,NTPC,326.6,2026-09-29,325.9,327.6,-0.7,0.5216,49.4784,55935000.0,53551500.0,1228500.0,110715000.0
2026-09-25,PRESTIGE,1477.76,2026-09-29,1477.1,1481.3,-0.66,0.2843,63.8462,2199600.0,3859650.0,24750.0,6084000.0
2026-09-25,RBLBANK,415.05,2026-09-29,415.25,417.3,0.2,0.4937,58.8734,20189825.0,28457525.0,444500.0,49091850.0
2026-09-25,SHREECEM,22520.0,2026-09-29,22505.0,22325.0,-15.0,-0.7998,61.768,196350.0,311900.0,5325.0,513575.0
2026-09-25,TATAELXSI,3186.46,2026-09-29,3193.9,3185.4,7.44,-0.2661,65.9796,907750.0,1681000.0,79500.0,2668250.0
2026-09-25,TATASTEEL,187.96,2026-09-29,188.27,189.33,0.31,0.563,70.1679,98106250.0,224680500.0,6074750.0,328861500.0
2026-09-25,TCS,2082.31,2026-09-29,2086.7,2082.5,4.39,-0.2013,66.2955,9419175.0,17915400.0,611775.0,27946350.0
2026-09-25,ADANIPOWER,202.76,2026-09-29,203.15,204.16,0.39,0.4972,61.7264,80876100.0,126685300.0,3748800.0,211310200.0
2026-09-25,AMBUJACEM,383.82,2026-09-29,385.75,387.4,1.93,0.4277,66.3465,33471600.0,64939200.0,1048800.0,99459600.0
2026-09-25,APLAPOLLO,2214.15,2026-09-29,2211.0,2223.3,-3.15,0.5563,70.4331,4310950.0,10039050.0,230300.0,14580300.0
2026-09-25,ATHERENERG,1497.0,2026-09-29,1499.6,1481.0,2.6,-1.2403,59.8007,2511000.0,3626250.0,109125.0,6246375.0
2026-09-25,AUROPHARMA,1712.0,2026-09-29,1713.0,1721.9,1.0,0.5196,69.8462,3924250.0,9061800.0,28050.0,13014100.0
2026-09-25,BAJAJHLDNG,10940.0,2026-09-29,11016.0,11079.0,76.0,0.5719,62.3501,94200.0,156000.0,0.0,250200.0
2026-09-25,BSE,3191.5,2026-09-29,3187.1,3185.8,-4.4,-0.0408,53.3824,6345400.0,6987200.0,279000.0,13611600.0
2026-09-25,CDSL,1318.0,2026-09-29,1322.3,1325.2,4.3,0.2193,52.8112,5872425.0,6266675.0,305425.0,12444525.0
2026-09-25,CONCOR,461.52,2026-09-29,461.9,464.3,0.38,0.5196,52.2998,12742500.0,13283750.0,687500.0,26713750.0
2026-09-25,EICHERMOT,7359.91,2026-09-29,7365.5,7403.5,5.59,0.5159,65.1229,1131900.0,2099900.0,13600.0,3245400.0
2026-09-25,INDIGO,4939.96,2026-09-29,4949.5,4970.0,9.54,0.4142,61.2027,2521050.0,3937350.0,39600.0,6498000.0
2026-09-25,JIOFIN,227.0,2026-09-29,227.49,228.42,0.49,0.4088,56.2251,103134450.0,123210500.0,9256650.0,235601600.0
2026-09-25,KAYNES,3649.97,2026-09-29,3646.8,3555.0,-3.17,-2.5173,53.7916,2071200.0,2289600.0,121500.0,4482300.0
2026-09-25,KEI,4673.56,2026-09-29,4672.5,4690.5,-1.06,0.3852,49.2504,1327025.0,1245125.0,42700.0,2614850.0
2026-09-25,MFSL,1457.94,2026-09-29,1452.6,1458.6,-5.34,0.4131,51.9736,3440800.0,3703200.0,20400.0,7164400.0
2026-09-25,NYKAA,333.7,2026-09-29,332.5,334.05,-1.2,0.4662,67.9383,11293750.0,23828125.0,103125.0,35225000.0
2026-09-25,PAGEIND,37695.0,2026-09-29,37785.0,37965.0,90.0,0.4764,65.7523,81400.0,154980.0,1300.0,237680.0
2026-09-25,PERSISTENT,5374.04,2026-09-29,5375.5,5389.0,1.46,0.2511,64.3273,1331125.0,2375625.0,24750.0,3731500.0
2026-09-25,PNBHOUSING,1094.81,2026-09-29,1092.6,1098.2,-2.21,0.5125,55.9677,4884750.0,6194500.0,14300.0,11093550.0
2026-09-25,SBILIFE,1742.01,2026-09-29,1745.3,1754.2,3.29,0.5099,68.4122,2529000.0,5317500.0,159750.0,8006250.0
2026-09-25,TIINDIA,2511.21,2026-09-29,2518.2,2531.6,6.99,0.5321,60.2381,1008600.0,1488000.0,40000.0,2536600.0
2026-09-25,TITAN,4883.98,2026-09-29,4873.0,4898.5,-10.98,0.5233,66.8813,1746500.0,3272325.0,254625.0,5273450.0
2026-09-25,TRENT,2669.22,2026-09-29,2672.2,2678.1,2.98,0.2208,66.3171,3346200.0,6498225.0,90000.0,9934425.0
2026-09-25,UNIONBANK,180.19,2026-09-29,179.71,180.57,-0.48,0.4785,67.9651,33333525.0,61494225.0,9226125.0,104053875.0
2026-09-25,YESBANK,22.5,2026-09-29,22.51,22.62,0.01,0.4887,63.261,469019100.0,780236800.0,27368000.0,1276623900.0
2026-09-25,ABB,7052.88,2026-09-29,7050.0,7077.5,-2.88,0.3901,62.621,651750.0,1076625.0,15250.0,1743625.0
2026-09-25,BDL,1140.08,2026-09-29,1143.4,1128.6,3.32,-1.2944,58.5634,3871325.0,5150575.0,320875.0,9342775.0
2026-09-25,BEL,393.51,2026-09-29,392.6,394.55,-0.91,0.4967,54.8166,48598200.0,50285400.0,8673975.0,107557575.0
2026-09-25,BHEL,418.95,2026-09-29,416.9,418.35,-2.05,0.3478,53.7105,40640250.0,43677375.0,3478125.0,87795750.0
2026-09-25,CGPOWER,886.0,2026-09-29,885.4,885.8,-0.6,0.0452,70.2345,5512250.0,12820550.0,186150.0,18518950.0
2026-09-25,GMRAIRPORT,97.94,2026-09-29,97.85,98.33,-0.09,0.4905,61.3553,56839275.0,88840575.0,1401975.0,147081825.0
2026-09-25,HAL,4800.0,2026-09-29,4795.4,4819.2,-4.6,0.4963,56.5692,2600700.0,3045450.0,342000.0,5988150.0
2026-09-25,HCLTECH,1258.13,2026-09-29,1263.9,1254.9,5.77,-0.7121,60.9112,10422000.0,16105600.0,134800.0,26662400.0
2026-09-25,JUBLFOOD,484.55,2026-09-29,487.75,483.7,3.2,-0.8303,63.4433,8562500.0,14571250.0,288750.0,23422500.0
2026-09-25,OBEROIRLTY,1858.38,2026-09-29,1860.4,1868.0,2.02,0.4085,57.8392,1846600.0,2517550.0,15750.0,4379900.0
2026-09-25,ONGC,235.86,2026-09-29,235.37,236.57,-0.49,0.5098,60.0122,25112250.0,36918000.0,769500.0,62799750.0
2026-09-25,PNB,116.6,2026-09-29,116.55,117.16,-0.05,0.5234,61.932,102872000.0,152920000.0,14440000.0,270232000.0
2026-09-25,POWERGRID,269.5,2026-09-29,268.6,269.8,-0.9,0.4468,69.4272,20060200.0,44330800.0,1223600.0,65614600.0
2026-09-25,SAGILITY,44.7,2026-09-29,44.69,44.95,-0.01,0.5818,61.0404,37836000.0,58116000.0,1164000.0,97116000.0
2026-09-25,SONACOMS,824.51,2026-09-29,825.8,819.4,1.29,-0.775,63.4762,5385100.0,9203425.0,155575.0,14744100.0
2026-09-25,AXISBANK,1222.39,2026-09-29,1219.8,1226.6,-2.59,0.5575,72.7471,26265000.0,64634375.0,5475625.0,96375000.0
2026-09-25,COCHINSHIP,1377.0,2026-09-29,1377.8,1378.3,0.8,0.0363,75.483,1634400.0,4929200.0,102800.0,6666400.0
2026-09-25,ETERNAL,335.0,2026-09-29,335.0,336.45,0.0,0.4328,66.7563,51288750.0,100790275.0,2201900.0,154280925.0
2026-09-25,GVT&D,4280.0,2026-09-29,4290.5,4313.4,10.5,0.5337,59.0648,1470750.0,2080750.0,41375.0,3592875.0
2026-09-25,HINDPETRO,351.0,2026-09-29,351.95,353.4,0.95,0.412,70.3343,13567500.0,31845150.0,321975.0,45734625.0
2026-09-25,IDFCFIRSTB,83.8,2026-09-29,83.68,84.12,-0.12,0.5258,70.7513,125193950.0,287358050.0,15479975.0,428031975.0
2026-09-25,LODHA,1164.99,2026-09-29,1170.8,1158.5,5.81,-1.0506,61.9129,3750625.0,5986250.0,110625.0,9847500.0
2026-09-25,TVSMOTOR,4157.31,2026-09-29,4157.1,4183.8,-0.21,0.6423,62.8536,3003350.0,5013750.0,68075.0,8085175.0
2026-09-25,BAJAJ-AUTO,11281.16,2026-09-29,11321.0,11378.0,39.84,0.5035,60.5355,749550.0,1134450.0,15300.0,1899300.0
2026-09-25,BOSCHLTD,48238.07,2026-09-29,48315.0,48540.0,76.93,0.4657,70.0484,63475.0,147175.0,1275.0,211925.0
2026-09-25,CIPLA,1399.69,2026-09-29,1402.1,1408.7,2.41,0.4707,66.8952,3878125.0,6324425.0,1512150.0,11714700.0
2026-09-25,DLF,682.93,2026-09-29,680.65,681.25,-2.28,0.0882,57.2308,19335350.0,25619600.0,253650.0,45208600.0
2026-09-25,DRREDDY,1201.0,2026-09-29,1203.7,1198.6,2.7,-0.4237,73.4822,6093125.0,16698125.0,186250.0,22977500.0
2026-09-25,GODREJPROP,1699.9,2026-09-29,1698.6,1707.5,-1.3,0.524,51.8328,4808700.0,5071625.0,103025.0,9983350.0
2026-09-25,KOTAKBANK,404.0,2026-09-29,402.9,405.0,-1.1,0.5212,67.2628,62422000.0,115642000.0,12612000.0,190676000.0
2026-09-25,M&M,3034.99,2026-09-29,3038.8,3054.1,3.81,0.5035,63.853,5192800.0,7678400.0,1494600.0,14365800.0
2026-09-25,NATIONALUM,358.7,2026-09-29,359.0,360.25,0.3,0.3482,61.6084,15986250.0,25126875.0,526875.0,41640000.0
2026-09-25,NHPC,76.0,2026-09-29,76.28,76.09,0.28,-0.2491,55.3946,68930100.0,83997700.0,1605450.0,154533250.0
2026-09-25,PAYTM,1673.98,2026-09-29,1673.5,1680.5,-0.48,0.4183,62.5343,6632300.0,10661125.0,408900.0,17702325.0
2026-09-25,PGEL,518.47,2026-09-29,519.55,522.3,1.08,0.5293,51.6447,6521750.0,6879900.0,85500.0,13487150.0
2026-09-25,TECHM,1547.82,2026-09-29,1554.2,1548.2,6.38,-0.3861,47.2575,11129400.0,9555600.0,416400.0,21101400.0
2026-09-25,ULTRACEMCO,11153.93,2026-09-29,11140.0,11188.0,-13.93,0.4309,69.9691,587750.0,1252100.0,117300.0,1957150.0
2026-09-25,BANKINDIA,137.94,2026-09-29,137.71,138.41,-0.23,0.5083,57.8786,34278400.0,45234800.0,1866800.0,81380000.0
2026-09-25,BIOCON,381.85,2026-09-29,382.15,384.2,0.3,0.5364,61.5109,22520000.0,35405000.0,585000.0,58510000.0
2026-09-25,COALINDIA,426.1,2026-09-29,425.2,427.4,-0.9,0.5174,59.7175,39193200.0,56764800.0,1337850.0,97295850.0
2026-09-25,COLPAL,1855.79,2026-09-29,1857.3,1865.2,1.51,0.4253,65.217,2164250.0,3793350.0,264550.0,6222150.0
2026-09-25,FEDERALBNK,322.0,2026-09-29,322.8,324.6,0.8,0.5576,70.8392,28310000.0,58792500.0,9980000.0,97082500.0
2026-09-25,FORCEMOT,17383.29,2026-09-29,17337.0,17262.0,-46.29,-0.4326,69.3737,86550.0,190650.0,5400.0,282600.0
2026-09-25,GODREJCP,880.0,2026-09-29,878.2,876.95,-1.8,-0.1423,58.3814,5482000.0,7477000.0,213000.0,13172000.0
2026-09-25,KPITTECH,519.52,2026-09-29,519.75,519.75,0.23,0.0,59.7136,5385475.0,7490375.0,492125.0,13367975.0
2026-09-25,LT,3876.21,2026-09-29,3883.3,3902.8,7.09,0.5022,55.9214,5345550.0,6132700.0,649075.0,12127325.0
2026-09-25,NMDC,79.9,2026-09-29,79.87,79.24,-0.03,-0.7888,48.8405,189864000.0,177133500.0,4124250.0,371121750.0
2026-09-25,OIL,475.13,2026-09-29,473.35,475.95,-1.78,0.5493,67.8099,4901400.0,10189200.0,135800.0,15226400.0
2026-09-25,PHOENIXLTD,1978.34,2026-09-29,1975.3,1985.7,-3.04,0.5265,63.7025,1380050.0,2383500.0,38500.0,3802050.0
2026-09-25,PIIND,2400.0,2026-09-29,2397.1,2348.2,-2.9,-2.04,66.6154,1556100.0,3035375.0,69650.0,4661125.0
2026-09-25,TATACONSUM,983.19,2026-09-29,984.4,989.7,1.21,0.5384,63.2035,6472950.0,9958300.0,1159950.0,17591200.0
2026-09-25,WIPRO,164.04,2026-09-29,164.62,162.35,0.58,-1.3789,74.9563,58863000.0,167340000.0,8838000.0,235041000.0
2026-09-25,BHARATFORG,2007.99,2026-09-29,2005.7,2016.2,-2.29,0.5235,58.2781,3872000.0,5328500.0,80000.0,9280500.0
2026-09-25,CROMPTON,218.61,2026-09-29,218.5,219.63,-0.11,0.5172,58.9198,32101650.0,45081200.0,961050.0,78143900.0
2026-09-25,INDUSTOWER,374.63,2026-09-29,375.1,377.2,0.47,0.5599,71.6887,28067000.0,68382500.0,2687700.0,99137200.0
2026-09-25,NAM-INDIA,1156.92,2026-09-29,1156.5,1151.4,-0.42,-0.441,31.3491,6415000.0,2906875.0,22500.0,9344375.0
2026-09-25,PATANJALI,403.94,2026-09-29,404.75,406.2,0.81,0.3582,53.7038,18287900.0,21061400.0,152650.0,39501950.0
2026-09-25,POWERINDIA,31035.34,2026-09-29,30990.0,31145.0,-45.34,0.5002,47.1028,329100.0,289475.0,3575.0,622150.0
2026-09-25,SOLARINDS,19742.76,2026-09-29,19685.0,19720.0,-57.76,0.1778,59.6489,472350.0,629000.0,69250.0,1170600.0
2026-09-25,TATAPOWER,367.43,2026-09-29,367.2,369.1,-0.23,0.5174,47.336,37723200.0,33032450.0,874350.0,71630000.0
2026-09-25,VOLTAS,1118.18,2026-09-29,1115.8,1120.7,-2.38,0.4391,60.8229,4641750.0,7007625.0,198750.0,11848125.0
2026-09-25,APOLLOHOSP,8889.0,2026-09-29,8878.5,8924.0,-10.5,0.5125,76.5066,579875.0,1651500.0,236875.0,2468250.0
2026-09-25,DELHIVERY,422.7,2026-09-29,422.55,424.65,-0.15,0.497,65.2706,10358400.0,19249775.0,217875.0,29826050.0
2026-09-25,DIXON,13390.25,2026-09-29,13407.0,13135.0,16.75,-2.0288,64.8619,1056850.0,1882200.0,68650.0,3007700.0
2026-09-25,FORTIS,837.69,2026-09-29,837.8,842.25,0.11,0.5312,72.8544,3341025.0,7415975.0,1550775.0,12307775.0
2026-09-25,GLENMARK,2380.0,2026-09-29,2374.4,2387.6,-5.6,0.5559,65.5529,3769500.0,7161000.0,12375.0,10942875.0
2026-09-25,HINDUNILVR,1942.88,2026-09-29,1937.2,1947.2,-5.68,0.5162,56.2868,7263300.0,8625600.0,726900.0,16615800.0
2026-09-25,ICICIPRULI,462.93,2026-09-29,463.45,461.8,0.52,-0.356,71.6786,5761825.0,14130300.0,452325.0,20344450.0
2026-09-25,IDEA,14.26,2026-09-29,14.24,14.32,-0.02,0.5618,54.293,3062560800.0,3534867600.0,102995475.0,6700423875.0
2026-09-25,NBCC,82.79,2026-09-29,82.94,83.35,0.15,0.4943,47.298,53755000.0,46663500.0,1579500.0,101998000.0
2026-09-25,POLYCAB,8408.34,2026-09-29,8402.0,8413.5,-6.34,0.1369,45.768,1425625.0,1179125.0,24000.0,2628750.0
2026-09-25,ALKEM,5274.0,2026-09-29,5282.0,5309.5,8.0,0.5206,66.4849,637625.0,1261625.0,3250.0,1902500.0
2026-09-25,ASHOKLEY,159.07,2026-09-29,159.09,159.9,0.02,0.5091,56.777,60000000.0,76105000.0,2710000.0,138815000.0
2026-09-25,ASTRAL,1398.99,2026-09-29,1399.0,1405.7,0.01,0.4789,42.7755,3873025.0,2841125.0,53975.0,6768125.0
2026-09-25,BANKBARODA,235.26,2026-09-29,235.17,236.41,-0.09,0.5273,62.2986,56879550.0,92017575.0,1971450.0,150868575.0
2026-09-25,BHARTIARTL,1785.4,2026-09-29,1790.3,1799.7,4.9,0.5251,68.5037,19076000.0,38084550.0,3405275.0,60565825.0
2026-09-25,BPCL,308.46,2026-09-29,309.6,310.65,1.14,0.3391,66.6591,11559675.0,22992950.0,118500.0,34671125.0
2026-09-25,CHOLAFIN,1662.64,2026-09-29,1664.1,1672.4,1.46,0.4988,72.249,4318750.0,10095000.0,1148750.0,15562500.0
2026-09-25,CUMMINSIND,4945.01,2026-09-29,4946.5,4970.5,1.49,0.4852,57.2804,2732600.0,3406800.0,257200.0,6396600.0
2026-09-25,DIVISLAB,9619.34,2026-09-29,9620.0,9671.0,0.66,0.5301,74.6856,1080900.0,2856000.0,333000.0,4269900.0
2026-09-25,IEX,112.71,2026-09-29,112.72,113.3,0.01,0.5145,58.6695,35917950.0,49820550.0,1165800.0,86904300.0
2026-09-25,INDUSINDBK,912.2,2026-09-29,914.8,919.5,2.6,0.5138,65.8556,15794800.0,28896000.0,1568000.0,46258800.0
2026-09-25,JSWENERGY,506.56,2026-09-29,507.9,510.5,1.34,0.5119,60.688,11806725.0,18133100.0,93525.0,30033350.0
2026-09-25,KALYANKJIL,573.01,2026-09-29,572.0,575.1,-1.01,0.542,51.4244,14203350.0,14732550.0,303750.0,29239650.0
2026-09-25,LAURUSLABS,2006.8,2026-09-29,2002.4,2013.8,-4.4,0.5693,70.6924,6192250.0,14472100.0,464100.0,21128450.0
2026-09-25,LTF,284.0,2026-09-29,284.85,282.45,0.85,-0.8425,70.9177,18153000.0,43319250.0,947250.0,62419500.0
2026-09-25,MANAPPURAM,334.0,2026-09-29,333.25,333.9,-0.75,0.195,8.587,62085000.0,5619000.0,213000.0,67917000.0
2026-09-25,MARICO,819.0,2026-09-29,817.35,821.4,-1.65,0.4955,52.846,8778000.0,9792000.0,45600.0,18615600.0
2026-09-25,MOTHERSON,165.71,2026-09-29,165.54,166.45,-0.17,0.5497,62.1266,55288500.0,88098750.0,2595300.0,145982550.0
2026-09-25,MOTILALOFS,1029.01,2026-09-29,1034.4,1037.2,5.39,0.2707,64.0096,1970050.0,3467350.0,36425.0,5473825.0
2026-09-25,RELIANCE,1226.0,2026-09-29,1227.5,1233.6,1.5,0.4969,63.3814,58120500.0,91013000.0,9585000.0,158718500.0
2026-09-25,SRF,2540.0,2026-09-29,2533.3,2546.2,-6.7,0.5092,52.1177,2265600.0,2439600.0,26400.0,4731600.0
2026-09-25,SWIGGY,264.8,2026-09-29,265.95,267.3,1.15,0.5076,41.2707,61170350.0,42276125.0,709925.0,104156400.0
2026-09-25,VMM,103.5,2026-09-29,103.56,103.7,0.06,0.1352,66.3821,21010200.0,40565400.0,921500.0,62497100.0
2026-09-25,ZYDUSLIFE,1203.87,2026-09-29,1205.1,1210.6,1.23,0.4564,53.3413,6334200.0,7173900.0,67500.0,13575600.0
2026-09-25,ADANIGREEN,1296.56,2026-09-29,1293.5,1299.4,-3.06,0.4561,62.8881,9352200.0,15724800.0,123000.0,25200000.0
2026-09-25,ADANIPORTS,1787.96,2026-09-29,1788.8,1797.8,0.84,0.5031,61.1642,6867075.0,9814925.0,1000350.0,17682350.0
2026-09-25,BAJAJFINSV,1770.99,2026-09-29,1772.3,1781.7,1.31,0.5304,69.1769,2694000.0,5507100.0,539100.0,8740200.0
2026-09-25,BLUESTARCO,1566.11,2026-09-29,1566.1,1542.5,-0.01,-1.5069,70.7531,2024425.0,4853550.0,43875.0,6921850.0
2026-09-25,DABUR,385.61,2026-09-29,385.35,386.55,-0.26,0.3114,61.6652,12420000.0,18638750.0,1340000.0,32398750.0
2026-09-25,HDFCAMC,2377.98,2026-09-29,2379.3,2391.5,1.32,0.5128,69.9578,2264700.0,4406700.0,867000.0,7538400.0
2026-09-25,IOC,135.7,2026-09-29,136.04,136.76,0.34,0.5293,65.3061,51051000.0,92976000.0,3120000.0,147147000.0
2026-09-25,ITC,269.0,2026-09-29,269.1,270.45,0.1,0.5017,58.9444,69598575.0,93543300.0,6380775.0,169522650.0
2026-09-25,MAXHEALTH,1014.0,2026-09-29,1013.8,1016.7,-0.2,0.2861,74.2565,2694825.0,7736925.0,36225.0,10467975.0
2026-09-25,OFSS,10769.15,2026-09-29,10785.0,10668.0,15.85,-1.0848,67.7228,505300.0,1039500.0,20700.0,1565500.0
2026-09-25,PIDILITIND,1517.0,2026-09-29,1515.4,1522.5,-1.6,0.4685,71.0573,1559000.0,3728000.0,99500.0,5386500.0
2026-09-25,SBIN,983.0,2026-09-29,982.4,987.3,-0.6,0.4988,64.2021,40764750.0,66889500.0,6220500.0,113874750.0
2026-09-25,360ONE,1073.0,2026-09-29,1075.7,1070.3,2.7,-0.502,58.4153,1923500.0,2673500.0,28500.0,4625500.0
2026-09-25,ADANIENT,2916.47,2026-09-29,2920.2,2931.8,3.73,0.3972,61.5646,6438633.0,9401634.0,911550.0,16751817.0
2026-09-25,JSWSTEEL,1277.02,2026-09-29,1275.3,1282.1,-1.72,0.5332,83.8953,6602850.0,33901875.0,494775.0,40999500.0
2026-09-25,LICI,409.05,2026-09-29,408.45,410.25,-0.6,0.4407,59.0079,20594000.0,29146600.0,498400.0,50239000.0
2026-09-25,MAHABANK,84.88,2026-09-29,84.81,85.17,-0.07,0.4245,65.5535,13409500.0,25148500.0,370500.0,38928500.0
2026-09-25,POLICYBZR,1165.97,2026-09-29,1171.3,1175.5,5.33,0.3586,57.9138,7615650.0,10150350.0,329350.0,18095350.0
2026-09-25,PREMIERENE,896.41,2026-09-29,900.1,898.1,3.69,-0.2222,61.8312,4080700.0,6516900.0,93600.0,10691200.0
2026-09-25,SAIL,185.0,2026-09-29,184.07,182.68,-0.93,-0.7551,45.1121,103550400.0,85032400.0,75200.0,188658000.0
2026-09-25,SUZLON,40.8,2026-09-29,40.86,41.04,0.06,0.4405,66.2961,165950900.0,290169600.0,36258500.0,492379000.0
2026-09-25,UPL,550.05,2026-09-29,550.6,553.3,0.55,0.4904,64.2699,11830505.0,21059410.0,220865.0,33110780.0
2026-09-25,VEDL,266.34,2026-09-29,265.25,266.5,-1.09,0.4713,47.0299,36619450.0,31911350.0,601450.0,69132250.0
2026-09-25,ASIANPAINT,2444.0,2026-09-29,2450.8,2463.6,6.8,0.5223,62.6462,2850750.0,4324750.0,456250.0,7631750.0
2026-09-25,BRITANNIA,4937.51,2026-09-29,4927.5,4939.0,-10.01,0.2334,69.4159,781500.0,1751750.0,22000.0,2555250.0
2026-09-25,GRASIM,3190.99,2026-09-29,3181.3,3197.5,-9.69,0.5092,61.8507,3253750.0,5261250.0,14000.0,8529000.0
2026-09-25,HDFCLIFE,530.99,2026-09-29,530.5,533.3,-0.49,0.5278,67.3592,16245900.0,29107100.0,4418700.0,49771700.0
2026-09-25,ICICIBANK,1326.8,2026-09-29,1328.3,1335.1,1.5,0.5119,69.6365,39225900.0,83862800.0,6099100.0,129187800.0
2026-09-25,ICICIGI,1553.7,2026-09-29,1553.6,1557.6,-0.1,0.2575,45.4213,3635775.0,2982850.0,42900.0,6661525.0
2026-09-25,INFY,1000.29,2026-09-29,1001.4,1005.8,1.11,0.4394,52.0323,39331200.0,41268800.0,1395200.0,81995200.0
2026-09-25,KFINTECH,888.56,2026-09-29,892.75,875.05,4.19,-1.9826,71.0097,1870475.0,4455100.0,126500.0,6452075.0
2026-09-25,MARUTI,12065.09,2026-09-29,12091.0,12152.0,25.91,0.5045,62.459,1115250.0,1763800.0,91700.0,2970750.0
2026-09-25,MUTHOOTFIN,2834.53,2026-09-29,2836.8,2846.9,2.27,0.356,54.0564,3846700.0,4324925.0,201025.0,8372650.0
2026-09-25,PFC,338.02,2026-09-29,339.15,340.8,1.13,0.4865,56.7818,45610500.0,58212700.0,1712100.0,105535300.0
2026-09-25,SUNPHARMA,1852.22,2026-09-29,1855.7,1865.6,3.48,0.5335,63.0036,5875100.0,9189950.0,815150.0,15880200.0
2026-09-25,SUPREMEIND,3549.95,2026-09-29,3540.9,3557.7,-9.05,0.4745,69.4171,669375.0,1506750.0,12600.0,2188725.0
2026-09-25,UNOMINDA,1218.0,2026-09-29,1221.0,1219.3,3.0,-0.1392,67.5519,1780900.0,3694350.0,13200.0,5488450.0
2026-09-25,COFORGE,1786.08,2026-09-29,1785.0,1794.6,-1.08,0.5378,62.1213,6259550.0,10130800.0,134900.0,16525250.0
2026-09-25,GAIL,172.7,2026-09-29,173.24,173.99,0.54,0.4329,68.7168,23852450.0,52025250.0,369200.0,76246900.0
2026-09-25,HAVELLS,1096.47,2026-09-29,1095.8,1088.2,-0.67,-0.6936,67.8187,3678000.0,7315000.0,436000.0,11429000.0
2026-09-25,HDFCBANK,735.61,2026-09-29,736.15,739.85,0.54,0.5026,68.3732,127542350.0,259275900.0,16455400.0,403273650.0
2026-09-25,HEROMOTOCO,5359.97,2026-09-29,5378.5,5396.5,18.53,0.3347,71.025,1107600.0,2692950.0,22050.0,3822600.0
2026-09-25,MANKIND,2474.9,2026-09-29,2472.9,2482.3,-2.0,0.3801,62.6443,1043250.0,1740750.0,8750.0,2792750.0
2026-09-25,MAZDOCK,2199.7,2026-09-29,2202.2,2175.4,2.5,-1.217,69.8548,1855125.0,4128075.0,170775.0,6153975.0
2026-09-25,MCX,3324.9,2026-09-29,3322.3,3340.0,-2.6,0.5328,65.8931,2741175.0,5115600.0,180225.0,8037000.0
2026-09-25,PETRONET,286.5,2026-09-29,286.55,286.1,0.05,-0.157,54.2653,13873800.0,16364700.0,96900.0,30335400.0
2026-09-25,SIEMENS,3876.87,2026-09-29,3868.0,3854.9,-8.87,-0.3387,59.999,1467725.0,2192925.0,8575.0,3669225.0
2026-09-25,UNITDSPR,1423.79,2026-09-29,1423.4,1429.9,-0.39,0.4567,66.6344,2620000.0,5208000.0,24400.0,7852400.0
2026-09-25,AMBER,6960.07,2026-09-29,6987.0,7005.5,26.93,0.2648,58.6135,557600.0,781900.0,7800.0,1347300.0
2026-09-25,BAJFINANCE,996.86,2026-09-29,995.5,1000.3,-1.36,0.4822,72.9421,19764750.0,48469500.0,4812000.0,73046250.0
2026-09-25,CANBK,124.99,2026-09-29,124.91,125.55,-0.08,0.5124,61.188,149735250.0,223506000.0,12555000.0,385796250.0
2026-09-25,DMART,3834.14,2026-09-29,3824.0,3836.5,-10.14,0.3269,51.9863,2402100.0,2563200.0,37650.0,5002950.0
2026-09-25,HINDZINC,588.94,2026-09-29,590.45,593.35,1.51,0.4912,47.6977,17225950.0,15328425.0,380975.0,32935350.0
2026-09-25,IREDA,113.25,2026-09-29,113.49,109.49,0.24,-3.5245,68.3784,28086675.0,57272925.0,3461625.0,88821225.0
2026-09-25,LICHSGFIN,566.04,2026-09-29,567.4,569.45,1.36,0.3613,55.1519,17902000.0,21925000.0,90000.0,39917000.0
2026-09-25,LTM,4082.47,2026-09-29,4080.5,3976.3,-1.97,-2.5536,71.0887,1593000.0,3835200.0,81750.0,5509950.0
2026-09-25,LUPIN,2092.0,2026-09-29,2091.9,2103.3,-0.1,0.545,56.159,3814800.0,4694975.0,191675.0,8701450.0
2026-09-25,RADICO,4557.1,2026-09-29,4553.6,4578.5,-3.5,0.5468,65.354,378750.0,707850.0,6600.0,1093200.0
2026-09-25,RVNL,206.99,2026-09-29,207.26,206.55,0.27,-0.3426,60.1103,15865850.0,22222200.0,1686300.0,39774350.0
2026-09-25,SHRIRAMFIN,994.15,2026-09-29,993.3,998.5,-0.85,0.5235,58.695,12231450.0,16969425.0,411675.0,29612550.0
2026-09-25,TMPV,290.45,2026-09-29,290.95,292.1,0.5,0.3953,66.08,36264000.0,64350400.0,6296000.0,106910400.0
2026-09-25,ANGELONE,288.0,2026-09-29,289.15,289.65,1.15,0.1729,55.3911,16580000.0,19930000.0,657500.0,37167500.0
2026-09-25,AUBANK,1018.0,2026-09-29,1016.6,1021.7,-1.4,0.5017,67.46,8203000.0,15192000.0,1814000.0,25209000.0
2026-09-25,BANDHANBNK,187.64,2026-09-29,188.25,189.26,0.61,0.5365,75.8301,33516000.0,104112000.0,1040400.0,138668400.0
2026-09-25,CAMS,707.33,2026-09-29,706.95,711.2,-0.38,0.6012,66.9119,3635775.0,7099950.0,252450.0,10988175.0
2026-09-25,HINDALCO,977.0,2026-09-29,976.6,981.9,-0.4,0.5427,70.9442,15321600.0,34601700.0,2808400.0,52731700.0
2026-09-25,HYUNDAI,2114.97,2026-09-29,2110.4,2072.0,-4.57,-1.8196,64.0179,1588950.0,2801150.0,25850.0,4415950.0
2026-09-25,IRFC,79.96,2026-09-29,79.85,78.49,-0.11,-1.7032,62.8037,40362000.0,62788950.0,5359900.0,108510850.0
2026-09-25,NAUKRI,1254.8,2026-09-29,1254.0,1260.6,-0.8,0.5263,66.2363,5106200.0,9986350.0,30800.0,15123350.0
2026-09-25,RECLTD,312.91,2026-09-29,313.05,309.4,0.14,-1.1659,71.1498,16578450.0,39097800.0,1787625.0,57463875.0
2026-09-25,SBICARD,611.03,2026-09-29,610.85,612.2,-0.18,0.221,47.524,11673600.0,10138400.0,433600.0,22245600.0
2026-09-25,TORNTPHARM,4988.45,2026-09-29,4975.5,5000.5,-12.95,0.5025,69.9668,1052250.0,2068625.0,382750.0,3503625.0
2026-09-25,VBL,434.8,2026-09-29,434.55,436.65,-0.25,0.4833,62.7444,29565975.0,49049250.0,744600.0,79359825.0
2026-09-25,WAAREEENER,2493.96,2026-09-29,2496.7,2488.1,2.74,-0.3445,67.2536,2353225.0,4737075.0,95900.0,7186200.0
